outfit_id,register,base,bottom,layer,footwear,accessory,total_price,missing_slots
outfit_1,streetwear,"Manfinity Homme Loose Fit Men's Plaid Print Graphic Casual Long Sleeve Collar Shirt With Patched Pocket, Tee Not Included, For Going Out,Fall","Men's Retro Loose Fit Denim Jeans, Versatile Casual Wear For All Seasons, Streetwear",,"36-48 Size Plus Size Men's Winter Plush Lined Snow Boots, Non-Slip Hiking Shoes, Durable Thick Sole, Suitable For Winter Daily Walking And Outdoor Snow Strolling",Men Knit Cuff Beanie Casual,115.33,layer
outfit_2,streetwear,Manfinity Nomadique Men's Street Fashion Plaid Single-Breasted Long Sleeve Shirt,DAZY Men's Autumn Navy Blue Raw Denim Wide Leg Jeans With Patch Design,,1 Pair Thermal Lined Warm Snow Boots Men's 2026 Winter New Style Plus Size Elderly Shoes High-Top Ankle Boots Thickened Thermal Lined Warm Walking Shoes Unisex Snow Boots,JZML Men Letter Label Decor Beanie Casual Fall Outfit,102.69,layer
outfit_3,business_casual,"Men's Solid Blue Casual Long Sleeve Shirt, Outdoor Leisure Minimalist Fashion Shirt, Casual Top, Smart Casual",QuarKem Men Washed Faded Denim Jeans,"Manfinity Homme Men's Solid Color Contrast Trim Button Front Pocket Furry Long Sleeve Casual Jacket,Turtleneck Men,Men,Flannel Flannel,Winter","STARNOVO Men's Winter Boots, Thermal Lining, Warm And Comfortable, Sole, Round Toe Design, Suitable For Outdoor Camping And Casual Wear - Winter Shoes, Cold Weather Gear, Fashionable Boot Design, Durable Traction Footwear.","1 Pair Men's Genuine Leather Gloves, Fashionable Winter Anti-Slip Warm Touchscreen Fleece Waterproof Windproof Driving & Cycling Gloves",140.72,
outfit_4,casual,MenS Vintage National Park T-Shirt - Soft Breathable Black Crew Neck Tee With Elk & Mountain Landscape Lightweight Hiking Shirt For Outdoor Activities,DAZY Men Solid Slant Pocket Suit Pants,"Manfinity Homme Men Long Sleeve Loose Fit Plaid Print Hooded Drawstring Shacket, For Fall","Men High-Top Flat Sport Shoes, Lace-Up Solid Color Men's Outdoor Skate Shoes, 2024 New Casual Shoes For Men, Dating, All Seasons, Sneakers For Men",,112.85,accessory
outfit_5,casual,Manfinity Homme Men's Solid Color Crew Neck Raglan Long Sleeve Casual T-Shirt,"Manfinity Mode Men's Casual Button Pocket Suit Pants For Office And Commute, Formal","Calvornis Men Zip Up Suedette Motorcycle Jacket, Plain, Long Sleeve, Going Out, Casual, Boyfriend Gift Fleece, Winter","Hidkat 2026 New Unisex Black Sneakers, Lightweight Breathable Soft Cushioned Casual Shoes Suitable For Knee, Fit For Running & Workout In Spring/Autumn",1pc Y2K Ski Hat Unisex Embroidered Letter BROOKLYN NEW YORK Sun Protection Breathable Fashion Baseball Cap Suitable For Daily Outdoor Travel Sun Protection Wear,105.62,
outfit_6,casual,ESTAVOR Men's Casual Versatile White Long Sleeve T-Shirt,"Calvornis Khaki Straight Leg Men Suit Pants With Zipper For Business Commuting Khaki Pants Dress Pants High Waisted Pants, Formal, Ceremony","Manfinity EMRG Men's Long Sleeve Solid Color Stand Collar Winter Coat, Solid Color Fleece Warm Winter Coat, For Fall, Puffer","Men's Stylish Simple & Comfortable White Casual Sports Shoes, Slip-Resistant, Suitable For Four Seasons And Various Occasions","Retro English Embroidery Baseball Cap, Casual Streetwear Hat For Women, Japanese/Korean Style,Summer,Beach",137.51,
outfit_7,casual,"Manfinity Homme Men's Solid Color Long Sleeve T-Shirt, Casual Simple Fashion For Everyday Wear, For Fall","Men's Woven Sports Long Pants, Loose Fit, Elastic Drawstring Waist, White Trim, Fitness Streetwear Style, Black, Autumn",Men's Autumn/Winter Color Block Thickened Warm Outdoor Sports & Casual Hooded Padded Coat,"New Men's Sports Shoes, Sneakers For Men, Men's Fashionable Handsome Casual Shoes, Lace-Up Men's Shoes, Skateboard Shoes, Men's Board Shoes",,127.36,accessory
outfit_8,casual,"Men's Contrast Color V-Neck Long Sleeve Knit Polo Shirt, Business Casual Style Fashion Pullover Top","PAVTROS Men's Sweatpants, Fashionable Handwritten English 3D Towel Embroidery Craft, Paired With Comfortable Sweatshirt Fabric, Crisp And Shaped, Loose Straight-Leg Fit, Streetwear Versatile Popular , Casual Comfortable Versatile, Suitable For Outings, Street Photography, Home, Travel, Vacation, Daily Wear, Etc.","1pc Men's Solid Color Lightweight Suede Fleece Flight Jacket, Full Zip Stand Collar Casual Outerwear, Vintage Faux Leather Jacket, Spring/Autumn Men's Jacket","Men's Stylish Simple & Comfortable White Casual Sports Shoes, Slip-Resistant, Suitable For Four Seasons And Various Occasions","Old Money Style Men's Scarf, Premium Wool Blend Luxury Letter Reversible Long Neck Warmer, Thick & Warm",117.43,
outfit_9,streetwear,SLATEMANN Men's Solid Color Jacquard Knit Short Sleeve Shirt,"Men's Outdoor Multi-Pocket Cargo Pants, Solid Color Flat Front Casual Trousers, Suitable As A Gift For Boyfriend Or Husband Black Spring Sports","Men's Fashionable Thermal Lined Casual Jacket, Suitable For Autumn/Winter, Everyday Wear","New Men's Sports Shoes, Sneakers For Men, Men's Fashionable Handsome Casual Shoes, Lace-Up Men's Shoes, Skateboard Shoes, Men's Board Shoes","1pc Men Navy Blue TPU Strap Casual Water Resistant Round Dial Quartz Watch, For Daily Life",129.33,
outfit_10,business_casual,"Manfinity Mode Men's Black Winter Basic Business Casual Office Stand-Up Collar Solid Color Button Long Sleeve Shirt,Formal Fall Old Money Style For Commuting","Casual Denim Jeans For Men, Blue, Fashion Daily Wear","Mainfolk Men Woven Fashionable Casual Long Sleeve Open Front Zip Up Jacket, School","Men High-Top Flat Sport Shoes, Lace-Up Solid Color Men's Outdoor Skate Shoes, 2024 New Casual Shoes For Men, Dating, All Seasons, Sneakers For Men",,134.68,accessory
outfit_11,business_casual,"Calvornis Men's Long Sleeve Formal White Dress Shirt,Classic Collar Button Up Business Casual All White,Autumn,Smart Casual,Office Elegant Solid Color Wear","QuarKem Men's Solid Color Simple Daily Casual Pockets White Denim Jeans, Men Pants","Manfinity Mode Men's Solid Color Pocket Business Casual Long Sleeve Blazer And Pants Set Men Suits Formal, Ceremony","Men's Fashionable Business Formal Shoes, Comfortable Soft Bottom Leather Shoes, Lightweight Loafers/Slip Ons (Product Runs Small, It's Recommended To Choose One Size Up)","POEDAGAR 1PC Men's Luminous Waterproof Calendar Stainless Steel Quartz Watch Business Birthday Gifts Father's Day Gifts Back To School Essentials, Minimalist",166.72,
outfit_12,business_casual,"JOLTRO Men Ribbed Knit Button Office Plain Casual Polo Shirt, For Husband, Old Money Style, Formal",Men's Solid Color Casual Tapered Long Pants With Pockets,SWAVVY Men's Solid Color PU Leather Zipper Casual Versatile Daily Travel Long Sleeve Jacket,"Men's Fashionable Business Formal Shoes, Comfortable Soft Bottom Leather Shoes, Lightweight Loafers/Slip Ons (Product Runs Small, It's Recommended To Choose One Size Up)",Men Knit Cuff Beanie Casual,122.07,
outfit_13,business_casual,"Manfinity Homme Men's Solid Color Plain Button-Front Urban Long Sleeve Shirt, For Husband, Beige Men Shirt, Formal","Manfinity Mode Men's High Waisted Pleated Dress Pants,Solid Color Khaki Summer Casual Office Commuter Suit Trousers With Pockets,Old Money Style For Daily Leisure",Ethos Form Loose Fit Men's Plaid Patched Pocket Drop Shoulder Overcoat,"Men's Fashionable Business Formal Shoes, Comfortable Soft Bottom Leather Shoes, Lightweight Loafers/Slip Ons (Product Runs Small, It's Recommended To Choose One Size Up)",,112.37,accessory
outfit_14,business_casual,"Calvornis Men's Solid Color Front Button Business Long Sleeve Shirt, Formal, Ceremony","Calvornis Khaki Straight Leg Men Suit Pants With Zipper For Business Commuting Khaki Pants Dress Pants High Waisted Pants, Formal, Ceremony","Manfinity Roghcode Manfinity Streetrush Men's All-Over Print Zip-Up Casual Rave Long Sleeve Jacket Outerwear, For Fall","Men's Fashionable Business Formal Shoes, Comfortable Soft Bottom Leather Shoes, Lightweight Loafers/Slip Ons (Product Runs Small, It's Recommended To Choose One Size Up)","1 Pair Men's Genuine Leather Gloves, Fashionable Winter Anti-Slip Warm Touchscreen Fleece Waterproof Windproof Driving & Cycling Gloves",111.02,
outfit_15,casual,Fenqiro Men's Plain Round Neck Short Sleeve Casual Brown T-Shirt,"Men's Outdoor Multi-Pocket Cargo Pants, Solid Color Flat Front Casual Trousers, Suitable As A Gift For Boyfriend Or Husband Black Spring Sports","Thermal Lined Jacket, Fashionable, Warm, Casual, Suitable For Men's Daily And Outdoor Sports Wear In Autumn/Winter","Men's Stylish Simple & Comfortable White Casual Sports Shoes, Slip-Resistant, Suitable For Four Seasons And Various Occasions",1pc Men Watch Stainless Steel Luxury Hidden Clasp Waterproof Date Display Luminescent Sport Wristwatch,115.10,
outfit_16,gameday,FOCO NFL Primary Logo Alternate Color Game Day V-Neck Top – Chiefs,"Casual Denim Jeans For Men, Blue, Fashion Daily Wear",,"Men's Casual Sneakers Skateboard Shoes Anti-Slip Student Sports Skateboard Shoes, Versatile Style For Casual, Student, Sports, All Seasons",,,"layer, accessory"
outfit_17,gameday,Fanatics Auston Matthews Toronto Maple Leafs Captain Patch Home Breakaway Player Jersey,QuarKem Men Washed Faded Denim Jeans,,1 Pair Thermal Lined Warm Snow Boots Men's 2026 Winter New Style Plus Size Elderly Shoes High-Top Ankle Boots Thickened Thermal Lined Warm Walking Shoes Unisex Snow Boots,,,"layer, accessory"
