title,price,currency,discount_pct,link,image_url
"Manfinity Mode Solid Color Button Up Casual Business Long Sleeve Formal Shirt(Non-Specific Size)Casual Dress Shirts Men Fitted Men's Fall, Ceremony",22.68,CAD,,https://onelink.shein.com/54/63fcp4t3kf56?ismg_ol=HdiOHxwW8wv_01_KOC-C,
"Manfinity Mode Men's Navy Blue Business Casual Long Sleeve Shirt,Solid Color Button Down Formal Shirt For Autumn Office,Commuting,Wedding&Parties, Ceremony",20.35,CAD,3,https://onelink.shein.com/54/63fcqa8qurh2?ismg_ol=DaGsQ3HXpb0_01_KOC-C,
"Genlund Men's Mature Vacation Linen Blend Long Sleeve Shirt Linen Resort Wear, Fall, Old Money, Holiday",21.58,CAD,,https://onelink.shein.com/54/63fcrfoe7wx7?ismg_ol=LlpdUv6AYbx_01_KOC-C,
WAIT HIM Men's Solid Color Single-Breasted Satin Short Sleeve Shirt,21.28,CAD,,https://onelink.shein.com/54/63fcsp23va62?ismg_ol=3o0mq5axpqX_01_KOC-C,
Fenqiro Men's Solid Color Round Neck Short Sleeve Casual T-Shirt,9.56,CAD,20,https://onelink.shein.com/54/63fcug73exjv?ismg_ol=3XjTJzIfFuK_01_KOC-C,
"Men's Vintage David Statue Patchwork Back Print Short Sleeve T-Shirt, Loose Fit Artistic Streetwear Casual Top",11.84,CAD,2,https://onelink.shein.com/54/63fcw5d1wmsh?ismg_ol=4erG62EypQu_01_KOC-C,
Musero Men Waffle Knit Front Popper Long Sleeve Top Layering Autumn&Winter Winter Essentials,23.48,CAD,,https://onelink.shein.com/54/63fcxaspbw31?ismg_ol=Kqg43mRCrDs_01_KOC-C,
"Men's Solid Color Long Sleeve Turtleneck Minimalist Sweater, Casual Everyday Wear, Old Money Style, For Fall Winter",27.28,CAD,,https://onelink.shein.com/54/63fcym5fz3qx?ismg_ol=8keJpTtrmVe_01_KOC-C,
"Thin Corduroy Men's Casual Shirt Jacket, Dual Pocket Design, Daily Casual Fashion Minimalist, Long Sleeve Shirt For Outings, Commuting And Street Style",35.16,CAD,1,https://onelink.shein.com/54/63fczzh7ukue?ismg_ol=36QVoYXyeV1_01_KOC-C,
"Manfinity Homme Old Money Men's Striped Half-Zip Knit Sweater, Long Sleeve Pullover, Fall/Winter Unisex Style, Couple Outfit, Best Holiday Gift",24.68,CAD,4,https://onelink.shein.com/54/63fdc9g50rh4?ismg_ol=ELA4oz2R3K5_01_KOC-C,
"Men's V-Neck Button-Front Ribbed Knit Cardigan, Casual Layering Long Sleeve Sweater",23.21,CAD,2,https://onelink.shein.com/54/63fddmrwuu8e?ismg_ol=0IGP5hUBGNX_01_KOC-C,
"Men's Casual Solid Color Turtleneck Sweater, Autumn/Winter, Long Sleeve Top",26.58,CAD,,https://onelink.shein.com/54/63fdey4nm9hw?ismg_ol=1L3O1697fo8_01_KOC-C,
"KOVSEE Men's Black Stand Collar Fitness Sweatshirt, Half-Zip Long Sleeve, Quick-Dry Breathable Slim Fit, Suitable For Cycling, Running, Gym Training Spring Sports",16.86,CAD,3,https://onelink.shein.com/54/63fdgdfghkxr?ismg_ol=KmPV44a5JwX_01_KOC-C,
"Men's Classic Zip-Up Turn Collar Long Sleeve Fine Knit Sweater, Autumn/Winter",23.76,CAD,3,https://onelink.shein.com/54/63fdh32uzp5f?ismg_ol=8PuSWC0A66U_01_KOC-C,
Resyla Men Men's Animal Pattern Drawstring Hooded Zip-Up Casual Everyday Travel Sweatshirt,24.18,CAD,,https://onelink.shein.com/54/63fdikcp1vwu?ismg_ol=58Pjh9D9DfC_01_KOC-C,
"Men's Solid Color Drop Shoulder Long Sleeve Drawstring Pocket Casual Hoodie, Autumn/Winter, Back To School Season",21.78,CAD,,https://onelink.shein.com/54/63fdjntb865t?ismg_ol=5NtB9KGuYb4_01_KOC-C,
"Manfinity CityGents Loose Men Slant Pocket Straight Leg Jeans, Grey Baggy Jeans Men, Baggy Jeans Men Black, Men's Washed Baggy Jeans",40.4,CAD,4,https://onelink.shein.com/54/63finblvoqs2?ismg_ol=AlYak95bzG8_01_KOC-C,
"Manfinity AFTRDRK Men's Solid Color Suit Formal Pants With Oblique Pockets, Belt Not Included, Old Money Style, Ceremony",30.76,CAD,5,https://onelink.shein.com/54/63fiokzlc3yb?ismg_ol=BAlJXOhox5m_01_KOC-C,
"Manfinity Mode Men's Solid Color Waist Belt Pockets Straight Leg Suit Formal Pants (Irregularities), Ceremony",32.19,CAD,6,https://onelink.shein.com/54/63fipybd5hc8?ismg_ol=47bK4Bk759P_01_KOC-C,
"QuarKem Men's Multi-Pocket Minimalist Baggy Denim Casual Jeans , Daily Wear",39.48,CAD,,https://onelink.shein.com/54/63fir1rzekw0?ismg_ol=1r06oKXHQL2_01_KOC-C,
"Manfinity Homme Men's Plain Straight-Legged Khaki Pants, For Fall",31.98,CAD,,https://onelink.shein.com/54/63fis1ajdgnk?ismg_ol=AOXc6EsJ5H4_01_KOC-C,
"Core Aspect Men's Pleated Linen Pants,Light Grey Summer Casual Office Straight Leg Trousers,High-Waisted Adjustable Neapolitan Suit Pants,Old Money Style Formal",39.33,CAD,2,https://onelink.shein.com/54/63fitglcavym?ismg_ol=5bzgeb99eRQ_01_KOC-C,
"Manfinity Roughcore Men Multi-Pocket Casual Fashion Straight-Leg Utilitarian American Style Cargo Pants, Grey With Back Pocket Tactical Work Streetwear , Fall",24.87,CAD,5,https://onelink.shein.com/54/63fiutx45nv7?ismg_ol=KeOo0jZqIQY_01_KOC-C,
Men's Solid Color Casual Tapered Long Pants With Pockets,25.55,CAD,6,https://onelink.shein.com/54/63fivxdqerg5?ismg_ol=KLCL2FUidV3_01_KOC-C,
"Sonviro Men's Grey Autumn Streetwear Gym Athletic Sweatpants,Ultra-Loose Crescent Moon-Shaped Collegiate Sports Y2K Pants For Music Festivals,Street Rock Gift",24.46,CAD,4,https://onelink.shein.com/54/63fix2tdrx16?ismg_ol=JxnG7m967Wj_01_KOC-C,
"Manfinity Homme Men's Jogger Pants With Decorative Drawstring Waist And Ribbed Hem, For Fall",22.78,CAD,,https://onelink.shein.com/54/63fiy2bxqsjq?ismg_ol=2Xc3angt6t5_01_KOC-C,
"1 Pair Men's Loose Fit Casual Sweatpants, Minimalist Solid Color Wide Leg Design, Drawstring Waist, Large Pockets, Suitable For Daily Wear, Walking, Work, Outings, Great Father's Day Gift For Dad",18.28,CAD,,https://onelink.shein.com/54/63fizfnpkva6?ismg_ol=1CxgQmySY0p_01_KOC-C,
"1pc Men's Summer Thin Loose Fit Striped Straight Leg Sports Pants For Running, Outdoor Training, Casual Commute, Athleisure",18.58,CAD,,https://onelink.shein.com/54/63fj0b87dquw?ismg_ol=L1iSqkLmRgg_01_KOC-C,
"1pc Men's Elegant Fashion Versatile PU Belt, Business Casual Waist Belt, Minimalist Men's Belt Suitable For Daily Business, Travel, Dining And Matching",7.43,CAD,6,https://onelink.shein.com/54/63fkth7yd3e1?ismg_ol=ASwUTBgmNbd_01_KOC-C,
"1pc Paisley Floral Print Solid Stripe Polyester Men's White Pocket Square, Luxury High-End Decorative Handkerchief For Weddings",2.8,CAD,,https://onelink.shein.com/54/63fkumnlq8wz?ismg_ol=4TdIIQjpqAx_01_KOC-C,
"1pc Men's Solid Color Necktie, Diagonal Rib Design Business Formal Tie (8cm Wide)Men Necktie",3.9,CAD,,https://onelink.shein.com/54/63fkvo56sh78?ismg_ol=7xpIijsbpEF_01_KOC-C,
"1 Adjustable Light Gray Baseball Cap With Fabric Label, Fashionable Outdoor Wear",5.61,CAD,5,https://onelink.shein.com/54/63fkx7e20toe?ismg_ol=DEEvZ3o2zd9_01_KOC-C,
"3pcs/Pack Solid Color Simple Knitted Beanie Hat For Men, Suitable For Daily Wear Casual",8.7,CAD,,https://onelink.shein.com/54/63fkyauo7tak?ismg_ol=Bxr6RV5UJl2_01_KOC-C,
"1pc Adjustable Corduroy Letter Embroidery Baseball Cap, UV Protection, Sun Shading",7.6,CAD,,https://onelink.shein.com/54/63fkz2h3tzmp?ismg_ol=Lb8idVV8yhj_01_KOC-C,
"1 Pair Men's Faux Leather Gloves, Fashionable Warm Touchscreen Thermal Lined Waterproof Windproof Driving Cycling Gloves",6.9,CAD,,https://onelink.shein.com/54/63fl05xq1oha?ismg_ol=7WykPdWUwg2_01_KOC-C,
"1pc Retro Elegant & Comfortable Faux Cashmere Plaid Scarf, Unisex - Warm For Autumn & Winter; Decorated With Tassels, An Ideal Gift For Husband, Wife, Father, Mother.",6.66,CAD,2,https://onelink.shein.com/54/63fl17fb84m6?ismg_ol=6k4jO5mGTuv_01_KOC-C,
"Fashionable Men's Stainless Steel Waterproof Non-Fading Chain Necklace, Simple Silver Color, Gift For Him",3.86,CAD,4,https://onelink.shein.com/54/63fl2avxhxdf?ismg_ol=Jy9lK36afQQ_01_KOC-C,
"1pc Metal Geometric Retro Simple Round Frame UV Resistant Men's Sunglasses For Summer Casual Wear, Beach Vacation Decoration,School Beach Accessories Sun Glasses Sunglasses Shades For Summer Beach Vacation,Outdoor,Travel",5.79,CAD,2,https://onelink.shein.com/54/63fl3gbks9ru?ismg_ol=EIkFmfZWP8X_01_KOC-C,
"1pc Fashion Men's Stainless Steel Waterproof Luminous Quartz Watch For Men, Date Week Display, Casual Man Wristwatch Suitable For Daily Wear",19.2,CAD,,https://onelink.shein.com/54/63fl4js746c6?ismg_ol=FkYcwPPK2B9_01_KOC-C,
"DAZY 1pc Men Plain Black Faux Leather Jacket For Autumn, Grunge",65.25,CAD,5,https://onelink.shein.com/54/63fp8sysqhrj?ismg_ol=8BmTLps3194_01_KOC-C,
"Men's Outdoor Faux Leather Jacket, Motorcycle Style, Vintage Sporty Black Autumn",34.19,CAD,8,https://onelink.shein.com/54/63fp9wfezlan?ismg_ol=8gSXOmyuTHT_01_KOC-C,
"Calvornis Men Zip Up Suedette Motorcycle Jacket, Plain, Long Sleeve, Going Out, Casual, Boyfriend Gift Fleece, Winter",41.5,CAD,5,https://onelink.shein.com/54/63fpbbq7wbbx?ismg_ol=7tkUvVsTq7A_01_KOC-C,
Outdoor Sports Casual Stand Collar Baseball Jacket Solid Color Zipper Jacket Black,11.79,CAD,4,https://onelink.shein.com/54/63fpch5va64n?ismg_ol=GygZCtjL6rG_01_KOC-C,
"Manfinity Mode Men's Solid Color Pocket & Button Front Long Sleeve Overcoat, Autumn Fall, Winter Ceremony",52.78,CAD,,https://onelink.shein.com/54/63fpdgofck79?ismg_ol=GIDGYkgaPoU_01_KOC-C,
"Manfinity Mode Men's Casual Versatile Comfortable Blazer, Formal",48.53,CAD,5,https://onelink.shein.com/54/63fpeg6ze90y?ismg_ol=EPvcleB1LVG_01_KOC-C,
"Men's Autumn/Winter Fashion Casual Solid Color Suede Jacket, Minimalist Versatile Fashion Lapel Jacket",45.58,CAD,6,https://onelink.shein.com/54/63fpfrjq0r9p?ismg_ol=B3lHpRkG7fL_01_KOC-C,
"Men's Long Sleeve Loose Fit Baseball Jacket, Casual Color Block Design, Suitable For Outdoor Sports, Versatile Outerwear, Medium Thickness, Suitable For Autumn Wear",34.38,CAD,2,https://onelink.shein.com/54/63fpgt1b8m1l?ismg_ol=9cawA4ysFZq_01_KOC-C,
"1pc Men's Autumn/Winter Versatile Stand Collar Motorcycle Padded Coat, Padded Warm Lightweight Cotton Coat, Daily Wear, Office Commute Jacket",41.61,CAD,3,https://onelink.shein.com/54/63fpj9tp89ol?ismg_ol=L4zDouuFde1_01_KOC-C,
"Autumn/Winter Thin Men's Loafers, 2025 New Versatile Slip-On Soft Bottom Casual Leather Shoes, Thin Fashionable Formal Dress Shoes For Men Formal/Business Formal Wedding Accessories",33.37,CAD,3,https://onelink.shein.com/54/63fpkl6g0eas?ismg_ol=0br3DTT5z1d_01_KOC-C,
"Men's Casual Lace-Up Formal Shoes, Oxford Shoes For Home, Office, Party, Spring/Summer/Autumn",38.0,CAD,1,https://onelink.shein.com/54/63fplqm3djqy?ismg_ol=2kVdBEAf3kT_01_KOC-C,
"Salkin Classic Designer Men's Moccasin Solid Color Suede Cream Men Shoes Slip On Tassel Loafers For Men Daily Casual Shoes Driving Friendly Flat Sole Couple Dating Romantic Dinner Back To School Student Shoes Campus Style, Please Select Size Up One",38.6,CAD,,https://onelink.shein.com/54/63fpms3ohvyi?ismg_ol=181xq34cKDV_01_KOC-C,
"Premium Men's Shoes, Fashion, Luxury, Boots, Chelsea Boots, Men's Boots, Boots, Outdoor, Solid Color, Party, Casual PU Leather Woven, Outdoor Party",69.98,CAD,4,https://onelink.shein.com/54/63fpnziczsqe?ismg_ol=5GltP1oS9wr_01_KOC-C,
"STARNOVO 1 Pair Fashionable Men's Hiking Boots: Durable, Stylish, Suitable For Outdoor Casual Wear. (Two Random Versions Will Be Shipped, With Differences Explained In The Image)",33.29,CAD,84,https://onelink.shein.com/54/63fpp0zy2qgw?ismg_ol=FVTHw0Ocuvp_01_KOC-C,
"Khaki Classic Men's Chelsea Boots PU Leather Matte Texture, Pointed Toe Narrow Fit Recommend Size Up, All Season Vintage British Style Business Fashion Boots",46.31,CAD,7,https://onelink.shein.com/54/63fpqy212246?ismg_ol=KhNzBjbODAs_01_KOC-C,
"Men's Stylish Simple & Comfortable White Casual Sports Shoes, Slip-Resistant, Suitable For Four Seasons And Various Occasions",31.35,CAD,5,https://onelink.shein.com/54/63fwmw9ukvw2?ismg_ol=CJtM69jgcf7_01_KOC-C,
"Plus Size Men's Casual High-Top Sneakers, Skateboard Shoes, Sports Shoes",42.72,CAD,4,https://onelink.shein.com/54/63fwox9zsbib?ismg_ol=El5N6qivybm_01_KOC-C,
"STARNOVO Unisex Ultra-Lightweight Breathable Running Shoes, Lightweight Non-Slip Athletic Shoes, Comfortable Walking Shoes, Suitable For Gym, Outdoor, Walking, Daily Casual Wear",25.69,CAD,88,https://onelink.shein.com/54/63fwpwsjrwj5?ismg_ol=BbY8X1PJnLV_01_KOC-C,
"Men's Fashionable And Comfortable Slip-On Sneakers, Casual And Sporty Style, Non-Slip, Suitable For All Seasons, Ideal For Students Valentines",29.83,CAD,5,https://onelink.shein.com/54/63fwre2dsomy?ismg_ol=GRXq8uDnWME_01_KOC-C,
"Men's Fashionable & Simple Slip-on Casual Sports Shoes, Four Seasons, Anti-slip, Versatile, Suitable For Students",29.64,CAD,5,https://onelink.shein.com/54/63fwsxb8yx49?ismg_ol=Ak8nQjDk5A7_01_KOC-C,
"Manfinity Mode Men's Solid Color Single-Breasted Casual Business Travel Waistcoat, Formal, Ceremony",29.58,CAD,,https://onelink.shein.com/54/63fwucm1vn6d?ismg_ol=LncLzePIfdk_01_KOC-C,
"Men's Suit Jacket, Business Formal Wear For All Seasons, Suitable For Weddings, Parties, Office, And Corporate Events",38.08,CAD,5,https://onelink.shein.com/54/63fwvk0qdjxo?ismg_ol=0LvSEvwQ3l0_01_KOC-C,
"1PC Men's Woven Elastic Belt, Multi-Color Options, No Hole Design, Stretchable, Fashion Casual Golf Belt For Daily Wear",5.6,CAD,,https://onelink.shein.com/54/63fwwjjadua6?ismg_ol=EYaUj0HdT0K_01_KOC-C,
Men's Autumn/Winter Fashionable Versatile Wild Bloom Landscape Artwork Mountain & Forest Print Drawstring Pocket Hoodie Sweatshirt,27.38,CAD,,https://onelink.shein.com/54/63fxeipfdxzy?ismg_ol=KocNHKPy45s_01_KOC-C,
BATMAN X SHEIN Men's Summer Casual Printed Short Sleeve T-Shirt,18.41,CAD,4,https://onelink.shein.com/54/63fxg5wcphg5?ismg_ol=1kWjXeur7i0_01_KOC-C,
"Manfinity Homme Men's Pumpkin Print Single-Breasted Casual Short Sleeve Shirt (Asymmetrical Print), For Halloween",17.18,CAD,,https://onelink.shein.com/54/63fxikppq075?ismg_ol=L8qJLmuRPk9_01_KOC-C,
"SLATEMANN Men's Jacket Set, Comfortable Solid Color Fabric, Large Lapel Double-Breasted Lined Long Sleeve Blazer And Zipper + Elastic Waistband Long Pants, Men's Casual Vacation, Friends Date, Cocktail Party, Salon, Gathering, Daily Office, Minimalist Business, Especially Suitable For Spring And Autumn Seasons, Suitable For Wearing Yourself Or Giving To Friends",60.71,CAD,6,https://onelink.shein.com/54/63fxju3f9uyv?ismg_ol=FBgbdd41Y0M_01_KOC-C,
"Men's Work Shoes Outdoor Steel Toe Shoes, Sports Outdoor Hiking Shoes Plus Size Men's Shoes Construction Site Shoes, Rotating Button Breathable Hiking Shoes, Fashionable Men's Shoes Spring Summer Autumn Winter (Size Runs Large By One Size)",52.76,CAD,3,https://onelink.shein.com/54/63g2opao68g4?ismg_ol=2QYEw73b7g6_01_KOC-C,
"Mioeert Lace-Up Men's Mid-Top Casual Hiking Boots, Thickened For All Seasons",49.59,CAD,5,https://onelink.shein.com/54/63g2pmu73vbj?ismg_ol=Etvl1lVDSCp_01_KOC-C,
"STARNOVO Plus Size Men's Tactical Boots, Shock-Absorbing Desert Combat Boots Suitable For Outdoor Training And Hiking",43.68,CAD,79,https://onelink.shein.com/54/63g2qu8vkdjh?ismg_ol=1bRqctrZm8A_01_KOC-C,
"Men's Casual Washed Pocket Straight Loose Fit Jeans, Fashion Everyday Wear, Grunge",38.89,CAD,2,https://onelink.shein.com/54/63g2s1nk1kzr?ismg_ol=Gnp6KqdoMLl_01_KOC-C,
QuarKem Men's Khaki Straight Leg Jeans,45.08,CAD,,https://onelink.shein.com/54/63g2srayl3rj?ismg_ol=0edn4tROD9O_01_KOC-C,
"Men's Retro Loose Fit Denim Jeans, Versatile Casual Wear For All Seasons, Streetwear",42.68,CAD,,https://onelink.shein.com/54/63g2t546dhj6?ismg_ol=EqCQfCIMmFC_01_KOC-C,
"Salkin Penny Loafers Men's Dress Shoes, Casual Business Social Shoes For Office Party Wedding, Select One Size Up",52.75,CAD,,https://onelink.shein.com/54/63g2u2np9pvo?ismg_ol=GMJftVe8qbZ_01_KOC-C,
"Men's Tassel Thick-Sole Dress Shoes - Black Slip-On Formal Dress Loafers For Groom, Wedding & Hairstylist",58.9,CAD,5,https://onelink.shein.com/54/63g2ume0cv2f?ismg_ol=Fiy5DrDdQyx_01_KOC-C,
"DAZY Men's Solid Color Knit Sweater, Simple Fashion Casual For Daily Wear, Fall Long Sleeve Tops",36.27,CAD,5,https://onelink.shein.com/54/63g2vfzh3smu?ismg_ol=5kByCRtvNnF_01_KOC-C,
"PAVTROS Men's Vintage Black Plaid Long Sleeve Shirt, Dual Chest Pockets Loose Streetwear Top",24.3,CAD,5,https://onelink.shein.com/54/63g2wlf4g8p2?ismg_ol=JN1nsl88HU1_01_KOC-C,
"1pc Men's Solid Color Lightweight Suede Fleece Flight Jacket, Full Zip Stand Collar Casual Outerwear, Retro Faux Leather Jacket, Autumn/Winter/Spring Men's Jacket",34.46,CAD,1,https://onelink.shein.com/54/63g2xqurte94?ismg_ol=BzPTmi76pPJ_01_KOC-C,
"Manfinity CasualCool Men's Button Front Long Sleeve Pocket Simple Casual Trench Coat, Going Out Flannel Trench Coat, For Friends, Husband, Boyfriend Gifts, For Fall",53.88,CAD,,https://onelink.shein.com/54/63g2yej53y5j?ismg_ol=9dBnLU4enhZ_01_KOC-C,
"Men's Casual Versatile Rose Print Kangaroo Pocket Drawstring Hoodie, Autumn/Winter",23.68,CAD,,https://onelink.shein.com/54/63g2ztty22s0?ismg_ol=5nDcNERqVyN_01_KOC-C,
